A,C,D,E,F,G,H,I,K,L,M,N,P,Q,R,S,T,V,W,Y
0.0893371757925072,0.0,0.0115273775216138,0.0461095100864553,0.0057636887608069,0.1066282420749279,0.0144092219020172,0.0662824207492795,0.0259365994236311,0.0432276657060518,0.0345821325648415,0.0259365994236311,0.0576368876080691,0.1873198847262248,0.0374639769452449,0.0518731988472622,0.0778097982708933,0.1037463976945245,0.0,0.0144092219020172
0.0628742514970059,0.0239520958083832,0.029940119760479,0.0269461077844311,0.0628742514970059,0.059880239520958,0.0149700598802395,0.0389221556886227,0.0958083832335329,0.0479041916167664,0.0209580838323353,0.059880239520958,0.122754491017964,0.0419161676646706,0.0359281437125748,0.1197604790419161,0.0538922155688622,0.0359281437125748,0.0059880239520958,0.0389221556886227
0.0684931506849315,0.1027397260273972,0.0513698630136986,0.0650684931506849,0.0410958904109589,0.047945205479452,0.0205479452054794,0.0410958904109589,0.0650684931506849,0.1027397260273972,0.0308219178082191,0.0102739726027397,0.0684931506849315,0.0582191780821917,0.0376712328767123,0.0376712328767123,0.0616438356164383,0.047945205479452,0.0171232876712328,0.023972602739726
0.0818965517241379,0.0193965517241379,0.0560344827586206,0.0775862068965517,0.0344827586206896,0.0797413793103448,0.0301724137931034,0.0237068965517241,0.0387931034482758,0.125,0.0064655172413793,0.0107758620689655,0.0689655172413793,0.0538793103448275,0.0732758620689655,0.084051724137931,0.0237068965517241,0.0754310344827586,0.0086206896551724,0.0280172413793103
0.1096296296296296,0.0355555555555555,0.0325925925925925,0.0577777777777777,0.0296296296296296,0.0666666666666666,0.0207407407407407,0.0237037037037037,0.0562962962962962,0.0844444444444444,0.0148148148148148,0.0177777777777777,0.077037037037037,0.0503703703703703,0.0755555555555555,0.0888888888888888,0.0518518518518518,0.0637037037037037,0.0103703703703703,0.0325925925925925
0.0395833333333333,0.0208333333333333,0.0645833333333333,0.0708333333333333,0.0333333333333333,0.05,0.03125,0.0479166666666666,0.0791666666666666,0.1416666666666666,0.03125,0.0270833333333333,0.0333333333333333,0.0541666666666666,0.0625,0.08125,0.025,0.0645833333333333,0.00625,0.0354166666666666
0.0702947845804988,0.0090702947845804,0.0544217687074829,0.0521541950113378,0.0521541950113378,0.0816326530612244,0.0272108843537414,0.0498866213151927,0.0612244897959183,0.1020408163265306,0.0272108843537414,0.0226757369614512,0.0566893424036281,0.0453514739229024,0.0521541950113378,0.0612244897959183,0.0498866213151927,0.0793650793650793,0.0136054421768707,0.0317460317460317
0.04,0.0533333333333333,0.06,0.0566666666666666,0.0433333333333333,0.04,0.0233333333333333,0.0533333333333333,0.0633333333333333,0.08,0.0166666666666666,0.0433333333333333,0.05,0.05,0.06,0.08,0.0566666666666666,0.0866666666666666,0.0266666666666666,0.0166666666666666
0.0809815950920245,0.011042944785276,0.0736196319018405,0.0797546012269938,0.0257668711656441,0.0662576687116564,0.014723926380368,0.0331288343558282,0.0650306748466257,0.0638036809815951,0.0208588957055214,0.0331288343558282,0.0466257668711656,0.0650306748466257,0.0773006134969325,0.0981595092024539,0.0453987730061349,0.0392638036809816,0.0085889570552147,0.0515337423312883
0.0600461893764434,0.023094688221709,0.0623556581986143,0.0715935334872979,0.0323325635103926,0.0785219399538106,0.023094688221709,0.0577367205542725,0.0739030023094688,0.0900692840646651,0.0300230946882217,0.0277136258660508,0.0646651270207852,0.046189376443418,0.0600461893764434,0.0554272517321016,0.0438799076212471,0.0577367205542725,0.0069284064665127,0.0346420323325635
0.0838471023427866,0.0246609124537607,0.0431565967940813,0.0826140567200986,0.0258939580764488,0.0789149198520345,0.0271270036991368,0.0209617755856966,0.0480887792848335,0.1109741060419235,0.0123304562268803,0.0209617755856966,0.0776818742293464,0.0542540073982737,0.064118372379778,0.1060419235511714,0.0468557336621455,0.0567200986436498,0.002466091245376,0.0123304562268803
0.0264150943396226,0.0566037735849056,0.0264150943396226,0.0452830188679245,0.0754716981132075,0.0566037735849056,0.0566037735849056,0.0943396226415094,0.0339622641509433,0.1056603773584905,0.0339622641509433,0.0377358490566037,0.060377358490566,0.0226415094339622,0.0679245283018867,0.0339622641509433,0.0415094339622641,0.0566037735849056,0.030188679245283,0.0377358490566037
0.03954802259887,0.0338983050847457,0.03954802259887,0.0762711864406779,0.0338983050847457,0.0451977401129943,0.019774011299435,0.0367231638418079,0.0734463276836158,0.1073446327683615,0.0254237288135593,0.0310734463276836,0.0819209039548022,0.0338983050847457,0.0621468926553672,0.1129943502824858,0.0310734463276836,0.0677966101694915,0.0225988700564971,0.0254237288135593
0.0694143167028199,0.0694143167028199,0.0585683297180043,0.0759219088937093,0.0086767895878524,0.0694143167028199,0.0108459869848156,0.0260303687635574,0.0347071583514099,0.1995661605206073,0.0065075921908893,0.0368763557483731,0.0303687635574837,0.0520607375271149,0.0520607375271149,0.0976138828633405,0.0281995661605206,0.054229934924078,0.0130151843817787,0.0065075921908893
0.0694214876033057,0.0115702479338842,0.0495867768595041,0.1289256198347107,0.0181818181818181,0.0892561983471074,0.024793388429752,0.028099173553719,0.0231404958677685,0.1206611570247934,0.0181818181818181,0.0264462809917355,0.0826446280991735,0.0512396694214876,0.0347107438016528,0.0991735537190082,0.0512396694214876,0.0512396694214876,0.0115702479338842,0.0099173553719008
0.0848056537102473,0.0229681978798586,0.0636042402826855,0.0918727915194346,0.0318021201413427,0.107773851590106,0.0212014134275618,0.0247349823321554,0.0300353356890459,0.097173144876325,0.0123674911660777,0.0371024734982332,0.097173144876325,0.0300353356890459,0.0353356890459364,0.0795053003533568,0.058303886925795,0.0441696113074204,0.0123674911660777,0.0176678445229682
0.1304347826086956,0.020066889632107,0.0535117056856187,0.108695652173913,0.0150501672240802,0.0785953177257525,0.0250836120401337,0.011705685618729,0.0167224080267558,0.1270903010033444,0.0100334448160535,0.0150501672240802,0.0535117056856187,0.0568561872909698,0.1137123745819397,0.0551839464882943,0.0451505016722408,0.0451505016722408,0.0083612040133779,0.0100334448160535
0.087216248506571,0.003584229390681,0.041816009557945,0.051373954599761,0.041816009557945,0.1123058542413381,0.033452807646356,0.013142174432497,0.02389486260454,0.1350059737156511,0.009557945041816,0.015531660692951,0.08363201911589,0.045400238948626,0.076463560334528,0.064516129032258,0.041816009557945,0.064516129032258,0.029868578255675,0.025089605734767
0.0789980732177264,0.0231213872832369,0.0404624277456647,0.0789980732177264,0.02504816955684,0.0847784200385356,0.0289017341040462,0.0115606936416184,0.0520231213872832,0.1348747591522158,0.0096339113680154,0.0134874759152215,0.0924855491329479,0.0770712909441233,0.0770712909441233,0.0867052023121387,0.0289017341040462,0.0327552986512524,0.0096339113680154,0.0134874759152215
0.0658536585365853,0.0195121951219512,0.0341463414634146,0.0585365853658536,0.0512195121951219,0.0512195121951219,0.0219512195121951,0.0170731707317073,0.024390243902439,0.1414634146341463,0.0146341463414634,0.0195121951219512,0.0853658536585365,0.0536585365853658,0.0829268292682926,0.0829268292682926,0.0609756097560975,0.0902439024390243,0.0146341463414634,0.0097560975609756
0.0697247706422018,0.0073394495412844,0.0532110091743119,0.0752293577981651,0.0275229357798165,0.0788990825688073,0.0201834862385321,0.0293577981651376,0.0275229357798165,0.1357798165137614,0.0073394495412844,0.0110091743119266,0.0788990825688073,0.0440366972477064,0.0678899082568807,0.1027522935779816,0.0715596330275229,0.0623853211009174,0.0146788990825688,0.0146788990825688
0.0359712230215827,0.0431654676258992,0.0287769784172661,0.0647482014388489,0.0431654676258992,0.079136690647482,0.014388489208633,0.0359712230215827,0.079136690647482,0.1438848920863309,0.0215827338129496,0.0215827338129496,0.079136690647482,0.0215827338129496,0.0647482014388489,0.1079136690647482,0.0647482014388489,0.0215827338129496,0.014388489208633,0.014388489208633
0.0762711864406779,0.0423728813559322,0.0338983050847457,0.0677966101694915,0.0169491525423728,0.0847457627118644,0.0423728813559322,0.0423728813559322,0.0508474576271186,0.0847457627118644,0.0169491525423728,0.0254237288135593,0.0932203389830508,0.0338983050847457,0.0677966101694915,0.059322033898305,0.0423728813559322,0.0508474576271186,0.0084745762711864,0.059322033898305
0.05,0.0210526315789473,0.0657894736842105,0.0526315789473684,0.0394736842105263,0.0684210526315789,0.0552631578947368,0.05,0.0210526315789473,0.0842105263157894,0.0131578947368421,0.0447368421052631,0.05,0.05,0.0421052631578947,0.1078947368421052,0.0736842105263157,0.0710526315789473,0.0263157894736842,0.0131578947368421
0.0793650793650793,0.0515873015873015,0.0476190476190476,0.0515873015873015,0.0396825396825396,0.0674603174603174,0.0079365079365079,0.0158730158730158,0.0317460317460317,0.1031746031746031,0.0238095238095238,0.0634920634920634,0.0317460317460317,0.0277777777777777,0.0912698412698412,0.0912698412698412,0.0396825396825396,0.0793650793650793,0.0158730158730158,0.0396825396825396
0.1048034934497816,0.0187149095446038,0.0430442919525888,0.0455396132252027,0.0336868371802869,0.1010605115408608,0.0193387398627573,0.0087336244541484,0.0455396132252027,0.0873362445414847,0.0112289457267623,0.0174672489082969,0.139114160948222,0.0393013100436681,0.06487835308796,0.1091703056768559,0.0436681222707423,0.0386774797255146,0.0056144728633811,0.0230817217716781
0.1384615384615384,0.023076923076923,0.023076923076923,0.0461538461538461,0.0384615384615384,0.1692307692307692,0.0076923076923076,0.0307692307692307,0.0461538461538461,0.123076923076923,0.0307692307692307,0.023076923076923,0.0153846153846153,0.0153846153846153,0.0076923076923076,0.1153846153846153,0.0384615384615384,0.0692307692307692,0.0153846153846153,0.023076923076923
0.0988372093023255,0.0348837209302325,0.0232558139534883,0.0523255813953488,0.0290697674418604,0.063953488372093,0.0581395348837209,0.005813953488372,0.0348837209302325,0.0813953488372093,0.0116279069767441,0.005813953488372,0.191860465116279,0.0290697674418604,0.1104651162790697,0.0872093023255814,0.0348837209302325,0.0290697674418604,0.0,0.0174418604651162
0.0849420849420849,0.0347490347490347,0.0424710424710424,0.0733590733590733,0.0193050193050193,0.0849420849420849,0.0038610038610038,0.0193050193050193,0.0154440154440154,0.1891891891891892,0.0038610038610038,0.0347490347490347,0.0733590733590733,0.054054054054054,0.0617760617760617,0.1003861003861003,0.0347490347490347,0.0308880308880308,0.0231660231660231,0.0154440154440154
0.0753968253968253,0.0198412698412698,0.0496031746031746,0.0257936507936507,0.0198412698412698,0.0892857142857142,0.0337301587301587,0.0297619047619047,0.0575396825396825,0.0932539682539682,0.0138888888888888,0.0178571428571428,0.1091269841269841,0.0376984126984126,0.0674603174603174,0.0734126984126984,0.0674603174603174,0.0793650793650793,0.0178571428571428,0.0218253968253968
0.1031746031746031,0.0257936507936507,0.0376984126984126,0.0337301587301587,0.0674603174603174,0.0515873015873015,0.0317460317460317,0.0476190476190476,0.0138888888888888,0.1527777777777778,0.0238095238095238,0.0059523809523809,0.0674603174603174,0.0436507936507936,0.0595238095238095,0.0634920634920634,0.0595238095238095,0.0813492063492063,0.0099206349206349,0.0198412698412698
0.0588235294117647,0.0196078431372549,0.0588235294117647,0.0672268907563025,0.0336134453781512,0.0532212885154061,0.0336134453781512,0.0280112044817927,0.0756302521008403,0.0868347338935574,0.0140056022408963,0.0476190476190476,0.0616246498599439,0.072829131652661,0.0504201680672268,0.0980392156862745,0.0756302521008403,0.0308123249299719,0.0252100840336134,0.0084033613445378
0.0613496932515337,0.0122699386503067,0.0368098159509202,0.0920245398773006,0.0429447852760736,0.0920245398773006,0.0245398773006134,0.0490797546012269,0.0613496932515337,0.0552147239263803,0.0245398773006134,0.0306748466257668,0.0429447852760736,0.0490797546012269,0.0858895705521472,0.1411042944785276,0.0368098159509202,0.0245398773006134,0.0184049079754601,0.0184049079754601
0.0521472392638036,0.0337423312883435,0.0398773006134969,0.0552147239263803,0.0122699386503067,0.0552147239263803,0.0306748466257668,0.0337423312883435,0.0306748466257668,0.1901840490797546,0.0398773006134969,0.0030674846625766,0.0613496932515337,0.0337423312883435,0.0920245398773006,0.0736196319018405,0.0521472392638036,0.0674846625766871,0.0245398773006134,0.0184049079754601
0.0870967741935483,0.0032258064516129,0.0451612903225806,0.0806451612903225,0.0258064516129032,0.0419354838709677,0.0225806451612903,0.0387096774193548,0.0483870967741935,0.0774193548387096,0.0258064516129032,0.0354838709677419,0.0774193548387096,0.0516129032258064,0.064516129032258,0.0967741935483871,0.0935483870967742,0.0548387096774193,0.0,0.0290322580645161
0.1331719128329297,0.0169491525423728,0.0338983050847457,0.0556900726392251,0.0435835351089588,0.0823244552058111,0.0217917675544794,0.0581113801452784,0.0217917675544794,0.0677966101694915,0.0193704600484261,0.0121065375302663,0.1089588377723971,0.036319612590799,0.0653753026634382,0.0750605326876513,0.0484261501210653,0.0605326876513317,0.009685230024213,0.0290556900726392
0.0555555555555555,0.047008547008547,0.0384615384615384,0.0726495726495726,0.0384615384615384,0.0427350427350427,0.0128205128205128,0.0256410256410256,0.1196581196581196,0.094017094017094,0.017094017094017,0.0341880341880341,0.0341880341880341,0.0512820512820512,0.047008547008547,0.0897435897435897,0.0897435897435897,0.0683760683760683,0.0128205128205128,0.0085470085470085
0.085201793721973,0.0448430493273542,0.0224215246636771,0.0627802690582959,0.0358744394618834,0.0896860986547085,0.0224215246636771,0.0044843049327354,0.0627802690582959,0.085201793721973,0.0224215246636771,0.0179372197309417,0.0941704035874439,0.085201793721973,0.0627802690582959,0.0582959641255605,0.0717488789237668,0.0358744394618834,0.0224215246636771,0.0134529147982062
0.0600706713780918,0.0265017667844522,0.0671378091872791,0.03886925795053,0.0424028268551236,0.0636042402826855,0.0265017667844522,0.0335689045936395,0.0424028268551236,0.1007067137809187,0.019434628975265,0.0371024734982332,0.0795053003533568,0.0318021201413427,0.0653710247349823,0.1289752650176678,0.0406360424028268,0.0547703180212014,0.0212014134275618,0.019434628975265
0.1025641025641025,0.0213675213675213,0.0427350427350427,0.0534188034188034,0.0277777777777777,0.079059829059829,0.017094017094017,0.0363247863247863,0.0213675213675213,0.126068376068376,0.0192307692307692,0.0106837606837606,0.0512820512820512,0.0705128205128205,0.047008547008547,0.094017094017094,0.0811965811965812,0.0641025641025641,0.017094017094017,0.017094017094017
0.073076923076923,0.0807692307692307,0.0346153846153846,0.0615384615384615,0.0307692307692307,0.0461538461538461,0.05,0.0269230769230769,0.0307692307692307,0.0846153846153846,0.0192307692307692,0.023076923076923,0.1076923076923077,0.0461538461538461,0.073076923076923,0.0807692307692307,0.0576923076923076,0.0346153846153846,0.0192307692307692,0.0192307692307692
0.0780141843971631,0.0106382978723404,0.0390070921985815,0.0390070921985815,0.0319148936170212,0.1063829787234042,0.0212765957446808,0.0354609929078014,0.0106382978723404,0.0957446808510638,0.0141843971631205,0.0177304964539007,0.1737588652482269,0.0390070921985815,0.0815602836879432,0.0815602836879432,0.0460992907801418,0.0460992907801418,0.0212765957446808,0.0106382978723404
0.0446247464503042,0.0304259634888438,0.0547667342799188,0.0446247464503042,0.0344827586206896,0.0527383367139959,0.0365111561866125,0.0202839756592292,0.0446247464503042,0.1602434077079107,0.0202839756592292,0.0588235294117647,0.0567951318458417,0.0466531440162271,0.0405679513184584,0.0912778904665314,0.0527383367139959,0.0669371196754563,0.0141987829614604,0.0283975659229208
0.0508474576271186,0.0211864406779661,0.0508474576271186,0.0677966101694915,0.0296610169491525,0.0466101694915254,0.0338983050847457,0.0211864406779661,0.1144067796610169,0.1271186440677966,0.0254237288135593,0.0169491525423728,0.0677966101694915,0.059322033898305,0.0677966101694915,0.0932203389830508,0.0423728813559322,0.0254237288135593,0.0169491525423728,0.0211864406779661
0.0506465517241379,0.0247844827586206,0.0441810344827586,0.052801724137931,0.0366379310344827,0.0765086206896551,0.0301724137931034,0.0452586206896551,0.0334051724137931,0.0797413793103448,0.0269396551724137,0.0334051724137931,0.0818965517241379,0.0441810344827586,0.0517241379310344,0.1120689655172413,0.0700431034482758,0.0732758620689655,0.011853448275862,0.0204741379310344
0.0881670533642691,0.0162412993039443,0.0208816705336426,0.0475638051044083,0.0139211136890951,0.0498839907192575,0.0081206496519721,0.0487238979118329,0.0719257540603248,0.1044083526682134,0.0150812064965197,0.0382830626450116,0.0823665893271461,0.0649651972157772,0.0324825986078886,0.0951276102088167,0.1020881670533642,0.0939675174013921,0.0,0.0058004640371229
0.0523255813953488,0.005813953488372,0.0232558139534883,0.0755813953488372,0.005813953488372,0.0523255813953488,0.0348837209302325,0.0697674418604651,0.0406976744186046,0.1046511627906976,0.0348837209302325,0.0465116279069767,0.0523255813953488,0.0174418604651162,0.0581395348837209,0.1046511627906976,0.0755813953488372,0.0930232558139534,0.0290697674418604,0.0232558139534883
0.0859504132231405,0.0644628099173553,0.052892561983471,0.0578512396694214,0.0264462809917355,0.08099173553719,0.0132231404958677,0.0148760330578512,0.0677685950413223,0.0677685950413223,0.0082644628099173,0.0099173553719008,0.1057851239669421,0.0545454545454545,0.1024793388429752,0.0595041322314049,0.052892561983471,0.0479338842975206,0.0132231404958677,0.0132231404958677
0.0470588235294117,0.0352941176470588,0.0329411764705882,0.068235294117647,0.0352941176470588,0.0564705882352941,0.0352941176470588,0.0447058823529411,0.0447058823529411,0.0870588235294117,0.0235294117647058,0.0588235294117647,0.0847058823529411,0.0470588235294117,0.0517647058823529,0.0776470588235294,0.0541176470588235,0.0635294117647058,0.0211764705882352,0.0305882352941176
0.1111111111111111,0.037037037037037,0.0185185185185185,0.0555555555555555,0.0555555555555555,0.0555555555555555,0.0,0.0185185185185185,0.1111111111111111,0.1296296296296296,0.0185185185185185,0.0555555555555555,0.074074074074074,0.0555555555555555,0.0925925925925925,0.0555555555555555,0.037037037037037,0.0185185185185185,0.0,0.0
0.0608695652173913,0.0260869565217391,0.008695652173913,0.1565217391304348,0.0347826086956521,0.1130434782608695,0.0,0.0782608695652174,0.0347826086956521,0.0695652173913043,0.008695652173913,0.0347826086956521,0.0869565217391304,0.0260869565217391,0.0434782608695652,0.0695652173913043,0.0434782608695652,0.0695652173913043,0.0,0.0347826086956521
0.0952380952380952,0.0333333333333333,0.0333333333333333,0.0666666666666666,0.0142857142857142,0.0761904761904762,0.0095238095238095,0.019047619047619,0.0142857142857142,0.1095238095238095,0.0142857142857142,0.0,0.1238095238095238,0.0238095238095238,0.0380952380952381,0.119047619047619,0.0761904761904762,0.0714285714285714,0.0238095238095238,0.0380952380952381
0.0599647266313932,0.0405643738977072,0.0423280423280423,0.0511463844797178,0.0299823633156966,0.1005291005291005,0.0229276895943562,0.0176366843033509,0.0423280423280423,0.1005291005291005,0.0123456790123456,0.0141093474426807,0.1022927689594356,0.0388007054673721,0.0899470899470899,0.1058201058201058,0.0299823633156966,0.054673721340388,0.019400352733686,0.0246913580246913
0.1141924959216965,0.0179445350734094,0.030995106035889,0.0619902120717781,0.0114192495921696,0.1190864600326264,0.0228384991843393,0.0179445350734094,0.0179445350734094,0.1060358890701468,0.0146818923327895,0.0065252854812398,0.0734094616639478,0.0375203915171288,0.0799347471451876,0.0619902120717781,0.0538336052202283,0.1011419249592169,0.0163132137030995,0.0342577487765089
0.0697247706422018,0.0477064220183486,0.0495412844036697,0.091743119266055,0.0403669724770642,0.1045871559633027,0.073394495412844,0.018348623853211,0.0458715596330275,0.0678899082568807,0.0220183486238532,0.0220183486238532,0.0605504587155963,0.0311926605504587,0.0880733944954128,0.0807339449541284,0.036697247706422,0.0330275229357798,0.0055045871559633,0.0110091743119266
0.1176470588235294,0.0294117647058823,0.0539215686274509,0.0735294117647058,0.0441176470588235,0.0980392156862745,0.0,0.0098039215686274,0.034313725490196,0.1127450980392156,0.0049019607843137,0.0098039215686274,0.1274509803921568,0.0245098039215686,0.0833333333333333,0.0686274509803921,0.0490196078431372,0.0392156862745098,0.0098039215686274,0.0098039215686274
0.077433628318584,0.0287610619469026,0.0530973451327433,0.0619469026548672,0.0287610619469026,0.0752212389380531,0.0486725663716814,0.0287610619469026,0.0398230088495575,0.1216814159292035,0.0243362831858407,0.0287610619469026,0.0530973451327433,0.0464601769911504,0.0530973451327433,0.077433628318584,0.0597345132743362,0.0420353982300885,0.0353982300884955,0.0154867256637168
0.0809399477806788,0.1201044386422976,0.0600522193211488,0.0365535248041775,0.0261096605744125,0.1148825065274151,0.0339425587467362,0.0156657963446475,0.0156657963446475,0.0887728459530026,0.0130548302872062,0.0182767624020887,0.0966057441253263,0.04177545691906,0.0652741514360313,0.0391644908616188,0.0443864229765013,0.0652741514360313,0.010443864229765,0.0130548302872062
0.1149425287356321,0.0137931034482758,0.0436781609195402,0.0804597701149425,0.0298850574712643,0.0942528735632183,0.0183908045977011,0.0160919540229885,0.0229885057471264,0.0781609195402298,0.0091954022988505,0.0137931034482758,0.1425287356321839,0.0298850574712643,0.0988505747126436,0.1103448275862069,0.0413793103448275,0.0344827586206896,0.0045977011494252,0.0022988505747126
0.0534979423868312,0.0288065843621399,0.037037037037037,0.074074074074074,0.037037037037037,0.0576131687242798,0.037037037037037,0.0576131687242798,0.0658436213991769,0.0534979423868312,0.0205761316872428,0.037037037037037,0.074074074074074,0.037037037037037,0.0617283950617283,0.1193415637860082,0.074074074074074,0.0411522633744856,0.0041152263374485,0.0288065843621399
0.0620957309184993,0.0323415265200517,0.0478654592496765,0.0672703751617076,0.0245795601552393,0.0478654592496765,0.0232858990944372,0.0426908150064683,0.056921086675291,0.1448900388098318,0.0258732212160414,0.0439844760672703,0.0582147477360931,0.0401034928848641,0.0491591203104786,0.0840879689521345,0.055627425614489,0.056921086675291,0.0116429495472186,0.0245795601552393
0.072,0.036,0.044,0.076,0.048,0.032,0.056,0.044,0.076,0.104,0.04,0.024,0.044,0.028,0.032,0.084,0.08,0.052,0.012,0.016
0.07429718875502,0.0170682730923694,0.0522088353413654,0.0622489959839357,0.0356425702811245,0.0597389558232931,0.0210843373493975,0.0376506024096385,0.0617469879518072,0.1019076305220883,0.0215863453815261,0.0391566265060241,0.056726907630522,0.0552208835341365,0.0637550200803212,0.1089357429718875,0.0532128514056224,0.0512048192771084,0.0080321285140562,0.018574297188755
0.0928381962864721,0.0371352785145888,0.0477453580901856,0.0941644562334217,0.0291777188328912,0.0610079575596817,0.0212201591511936,0.0291777188328912,0.039787798408488,0.1352785145888594,0.0238726790450928,0.0318302387267904,0.0755968169761273,0.0384615384615384,0.0809018567639257,0.0663129973474801,0.0278514588859416,0.046419098143236,0.0053050397877984,0.0159151193633952
0.1105263157894736,0.0078947368421052,0.0210526315789473,0.0789473684210526,0.0157894736842105,0.1105263157894736,0.0105263157894736,0.0210526315789473,0.0526315789473684,0.0473684210526315,0.0210526315789473,0.031578947368421,0.1473684210526315,0.0605263157894736,0.0605263157894736,0.0789473684210526,0.0394736842105263,0.0605263157894736,0.0131578947368421,0.0105263157894736
0.1469534050179211,0.007168458781362,0.032258064516129,0.075268817204301,0.039426523297491,0.1039426523297491,0.021505376344086,0.025089605734767,0.007168458781362,0.075268817204301,0.003584229390681,0.010752688172043,0.1111111111111111,0.032258064516129,0.1577060931899641,0.053763440860215,0.021505376344086,0.039426523297491,0.014336917562724,0.021505376344086
0.1185185185185185,0.0148148148148148,0.0444444444444444,0.1111111111111111,0.0074074074074074,0.0555555555555555,0.0259259259259259,0.0074074074074074,0.0666666666666666,0.0444444444444444,0.0185185185185185,0.0222222222222222,0.0925925925925925,0.0518518518518518,0.0925925925925925,0.0962962962962963,0.037037037037037,0.0407407407407407,0.0222222222222222,0.0296296296296296
0.3072289156626506,0.0090361445783132,0.0180722891566265,0.1596385542168674,0.0180722891566265,0.1024096385542168,0.003012048192771,0.0,0.0843373493975903,0.0060240963855421,0.003012048192771,0.0180722891566265,0.1054216867469879,0.0271084337349397,0.0060240963855421,0.0963855421686747,0.0180722891566265,0.0180722891566265,0.0,0.0
0.1271676300578034,0.0346820809248554,0.0173410404624277,0.0115606936416184,0.0404624277456647,0.0867052023121387,0.0346820809248554,0.0173410404624277,0.0231213872832369,0.1734104046242774,0.0231213872832369,0.0115606936416184,0.0751445086705202,0.0520231213872832,0.0635838150289017,0.0404624277456647,0.0289017341040462,0.0751445086705202,0.0173410404624277,0.0462427745664739
0.0656934306569343,0.0437956204379562,0.0364963503649635,0.0948905109489051,0.0437956204379562,0.0535279805352798,0.0097323600973236,0.0097323600973236,0.0389294403892944,0.1362530413625304,0.0218978102189781,0.0364963503649635,0.0705596107055961,0.0316301703163017,0.0632603406326034,0.0900243309002433,0.048661800486618,0.0681265206812652,0.0097323600973236,0.0267639902676399
0.0510948905109489,0.0291970802919708,0.0291970802919708,0.1021897810218978,0.0364963503649635,0.0656934306569343,0.0072992700729927,0.0656934306569343,0.0583941605839416,0.0948905109489051,0.0218978102189781,0.0291970802919708,0.0364963503649635,0.0802919708029197,0.072992700729927,0.0510948905109489,0.0656934306569343,0.0437956204379562,0.0,0.0583941605839416
0.1038575667655786,0.0385756676557863,0.0326409495548961,0.0207715133531157,0.0504451038575667,0.0415430267062314,0.0326409495548961,0.0326409495548961,0.0326409495548961,0.1691394658753709,0.0237388724035608,0.0237388724035608,0.0326409495548961,0.0267062314540059,0.0801186943620178,0.0830860534124629,0.0563798219584569,0.0801186943620178,0.0148367952522255,0.0237388724035608
0.0752972258916776,0.0317040951122853,0.0449141347424042,0.0845442536327609,0.0330250990752972,0.0819022457067371,0.0224570673712021,0.0343461030383091,0.0501981505944517,0.0937912813738441,0.0079260237780713,0.023778071334214,0.0673712021136063,0.0449141347424042,0.0779392338177014,0.0726552179656539,0.0462351387054161,0.059445178335535,0.0277410832232496,0.0198150594451783
0.0874524714828897,0.0076045627376425,0.053231939163498,0.0456273764258555,0.0456273764258555,0.1140684410646387,0.0076045627376425,0.0418250950570342,0.053231939163498,0.0570342205323193,0.0114068441064638,0.0304182509505703,0.0950570342205323,0.0684410646387832,0.053231939163498,0.0684410646387832,0.0570342205323193,0.0608365019011406,0.0228136882129277,0.0190114068441064
0.0554016620498614,0.0083102493074792,0.0332409972299169,0.0332409972299169,0.0277008310249307,0.149584487534626,0.0193905817174515,0.0193905817174515,0.0193905817174515,0.0581717451523545,0.0664819944598338,0.0664819944598338,0.1606648199445983,0.0332409972299169,0.038781163434903,0.0997229916897507,0.0304709141274238,0.0332409972299169,0.0138504155124653,0.0332409972299169
0.0778688524590164,0.040983606557377,0.0327868852459016,0.0122950819672131,0.0573770491803278,0.0532786885245901,0.0245901639344262,0.0573770491803278,0.0327868852459016,0.1393442622950819,0.0286885245901639,0.0368852459016393,0.0491803278688524,0.0163934426229508,0.0368852459016393,0.1024590163934426,0.0614754098360655,0.0696721311475409,0.0245901639344262,0.0450819672131147
0.0817843866171003,0.0223048327137546,0.0260223048327137,0.0520446096654275,0.0334572490706319,0.1263940520446096,0.0260223048327137,0.0631970260223048,0.0817843866171003,0.0408921933085501,0.0111524163568773,0.0148698884758364,0.0743494423791821,0.037174721189591,0.0446096654275092,0.1003717472118959,0.070631970260223,0.0408921933085501,0.0111524163568773,0.0408921933085501
0.1058823529411764,0.0313725490196078,0.0235294117647058,0.0196078431372549,0.0274509803921568,0.0823529411764705,0.0274509803921568,0.0235294117647058,0.0549019607843137,0.0941176470588235,0.0313725490196078,0.0274509803921568,0.0745098039215686,0.0470588235294117,0.0627450980392156,0.1098039215686274,0.0666666666666666,0.0666666666666666,0.0156862745098039,0.0078431372549019
0.0413793103448275,0.1034482758620689,0.0827586206896551,0.0344827586206896,0.0551724137931034,0.0551724137931034,0.0758620689655172,0.0413793103448275,0.1310344827586207,0.0413793103448275,0.0206896551724137,0.0137931034482758,0.0827586206896551,0.0482758620689655,0.0344827586206896,0.0344827586206896,0.0275862068965517,0.0620689655172413,0.0,0.0137931034482758
0.0705314009661835,0.008695652173913,0.0260869565217391,0.0318840579710144,0.0425120772946859,0.0676328502415458,0.0241545893719806,0.0376811594202898,0.0405797101449275,0.0772946859903381,0.0193236714975845,0.0270531400966183,0.1323671497584541,0.0396135265700483,0.0483091787439613,0.1497584541062802,0.0917874396135265,0.0434782608695652,0.0135265700483091,0.0077294685990338
0.0476858345021037,0.0238429172510518,0.064516129032258,0.0981767180925666,0.0364656381486676,0.0687237026647966,0.0196353436185133,0.0280504908835904,0.0420757363253856,0.1122019635343618,0.0084151472650771,0.0336605890603085,0.0827489481065918,0.0490883590462833,0.0462833099579242,0.1206171107994389,0.0434782608695652,0.0336605890603085,0.0182328190743338,0.0224403927068723
0.0680786686838124,0.0052950075642965,0.0204236006051437,0.0506807866868381,0.0090771558245083,0.0385779122541603,0.0173978819969742,0.0597579425113464,0.0605143721633888,0.0620272314674735,0.0226928895612708,0.0226928895612708,0.0900151285930408,0.0983358547655068,0.0287443267776096,0.1293494704992435,0.1142208774583963,0.0885022692889561,0.002269288956127,0.0113464447806354
0.072072072072072,0.0,0.072072072072072,0.1531531531531531,0.027027027027027,0.081081081081081,0.0,0.045045045045045,0.027027027027027,0.063063063063063,0.027027027027027,0.027027027027027,0.0990990990990991,0.0990990990990991,0.045045045045045,0.072072072072072,0.036036036036036,0.054054054054054,0.0,0.0
0.0827814569536423,0.0397350993377483,0.0397350993377483,0.0927152317880794,0.0397350993377483,0.076158940397351,0.0165562913907284,0.0331125827814569,0.0298013245033112,0.1092715231788079,0.0165562913907284,0.009933774834437,0.076158940397351,0.0364238410596026,0.0960264900662251,0.0662251655629139,0.0331125827814569,0.0662251655629139,0.0231788079470198,0.0165562913907284
0.0841683366733467,0.0180360721442885,0.0440881763527054,0.0681362725450901,0.0060120240480961,0.0501002004008016,0.032064128256513,0.0200400801603206,0.0721442885771543,0.1202404809619238,0.0280561122244488,0.032064128256513,0.064128256513026,0.0601202404809619,0.0981963927855711,0.0400801603206412,0.0601202404809619,0.0661322645290581,0.0180360721442885,0.0180360721442885
0.0699708454810495,0.0349854227405247,0.0379008746355685,0.075801749271137,0.0204081632653061,0.0816326530612244,0.0145772594752186,0.0058309037900874,0.0641399416909621,0.0787172011661807,0.0058309037900874,0.0145772594752186,0.0787172011661807,0.0932944606413994,0.075801749271137,0.1137026239067055,0.0437317784256559,0.0583090379008746,0.0262390670553935,0.0058309037900874
0.11875,0.03125,0.0229166666666666,0.0270833333333333,0.04375,0.0791666666666666,0.0291666666666666,0.0375,0.0166666666666666,0.1541666666666666,0.025,0.01875,0.0604166666666666,0.0229166666666666,0.0479166666666666,0.06875,0.0520833333333333,0.0791666666666666,0.0229166666666666,0.0416666666666666
0.1269349845201238,0.0309597523219814,0.0402476780185758,0.0773993808049535,0.0402476780185758,0.1052631578947368,0.0371517027863777,0.0061919504643962,0.0061919504643962,0.1207430340557275,0.0154798761609907,0.0061919504643962,0.0712074303405572,0.0247678018575851,0.0897832817337461,0.0557275541795665,0.0495356037151702,0.0773993808049535,0.0092879256965944,0.0092879256965944
0.0554649265905383,0.0244698205546492,0.0522022838499184,0.0701468189233279,0.030995106035889,0.0570962479608482,0.0342577487765089,0.0114192495921696,0.0619902120717781,0.1092985318107667,0.0212071778140293,0.0179445350734094,0.0848287112561174,0.0505709624796084,0.0766721044045677,0.1370309951060359,0.0456769983686786,0.0407830342577487,0.0048939641109298,0.0130505709624796
0.0756302521008403,0.0084033613445378,0.0252100840336134,0.042016806722689,0.0294117647058823,0.2310924369747899,0.0210084033613445,0.0210084033613445,0.0357142857142857,0.0483193277310924,0.0063025210084033,0.0693277310924369,0.0546218487394958,0.0483193277310924,0.0294117647058823,0.1407563025210084,0.0357142857142857,0.0378151260504201,0.0231092436974789,0.0168067226890756
0.097457627118644,0.019774011299435,0.0381355932203389,0.0536723163841807,0.0367231638418079,0.1059322033898305,0.0225988700564971,0.0169491525423728,0.0155367231638418,0.1115819209039548,0.0070621468926553,0.0169491525423728,0.0988700564971751,0.0324858757062146,0.0706214689265536,0.0819209039548022,0.0649717514124293,0.0748587570621469,0.0155367231638418,0.0183615819209039
0.0375586854460093,0.0422535211267605,0.0516431924882629,0.0892018779342723,0.0422535211267605,0.0140845070422535,0.0328638497652582,0.028169014084507,0.1032863849765258,0.0892018779342723,0.0140845070422535,0.0375586854460093,0.0938967136150234,0.0657276995305164,0.0610328638497652,0.0469483568075117,0.0422535211267605,0.0751173708920187,0.0046948356807511,0.028169014084507
0.077490774907749,0.018450184501845,0.0498154981549815,0.0608856088560885,0.0055350553505535,0.084870848708487,0.025830258302583,0.0092250922509225,0.022140221402214,0.1420664206642066,0.0055350553505535,0.0239852398523985,0.1254612546125461,0.0498154981549815,0.092250922509225,0.0904059040590405,0.0313653136531365,0.055350553505535,0.0166051660516605,0.0129151291512915
0.084375,0.040625,0.04375,0.034375,0.0625,0.046875,0.0375,0.025,0.025,0.15,0.021875,0.025,0.0375,0.03125,0.05,0.071875,0.0375,0.1,0.0375,0.0375
0.0835030549898167,0.0162932790224032,0.0468431771894093,0.0610997963340122,0.0305498981670061,0.0916496945010183,0.0224032586558044,0.0305498981670061,0.0366598778004073,0.1038696537678207,0.0142566191446028,0.0142566191446028,0.0875763747454175,0.0407331975560081,0.0814663951120163,0.054989816700611,0.054989816700611,0.0896130346232179,0.0224032586558044,0.0162932790224032
0.1129032258064516,0.0161290322580645,0.032258064516129,0.0403225806451612,0.032258064516129,0.1290322580645161,0.032258064516129,0.0887096774193548,0.0403225806451612,0.1209677419354838,0.0161290322580645,0.0241935483870967,0.0483870967741935,0.0080645161290322,0.064516129032258,0.0967741935483871,0.0403225806451612,0.0483870967741935,0.0,0.0080645161290322
0.075801749271137,0.0291545189504373,0.0204081632653061,0.0349854227405247,0.032069970845481,0.0874635568513119,0.0233236151603498,0.0204081632653061,0.0087463556851311,0.227405247813411,0.0116618075801749,0.0116618075801749,0.0524781341107871,0.0641399416909621,0.0583090379008746,0.0874635568513119,0.0437317784256559,0.0728862973760933,0.0174927113702623,0.0204081632653061
0.12,0.0133333333333333,0.0266666666666666,0.0266666666666666,0.0433333333333333,0.1166666666666666,0.03,0.0433333333333333,0.0366666666666666,0.1233333333333333,0.0433333333333333,0.0133333333333333,0.0366666666666666,0.0633333333333333,0.04,0.05,0.0633333333333333,0.05,0.0133333333333333,0.0466666666666666
0.0888252148997134,0.0286532951289398,0.0544412607449856,0.0773638968481375,0.0229226361031518,0.0744985673352435,0.0343839541547277,0.0114613180515759,0.0487106017191977,0.1232091690544412,0.0229226361031518,0.0286532951289398,0.0945558739255014,0.0372492836676217,0.0859598853868194,0.0573065902578796,0.0544412607449856,0.0315186246418338,0.0143266475644699,0.0085959885386819
0.0458015267175572,0.0381679389312977,0.0190839694656488,0.0458015267175572,0.049618320610687,0.0229007633587786,0.0190839694656488,0.0763358778625954,0.0572519083969465,0.1564885496183206,0.0572519083969465,0.0305343511450381,0.0534351145038167,0.0267175572519083,0.0381679389312977,0.1068702290076335,0.0419847328244274,0.0610687022900763,0.0038167938931297,0.049618320610687
0.0952380952380952,0.019047619047619,0.0476190476190476,0.0761904761904762,0.0142857142857142,0.0809523809523809,0.0333333333333333,0.019047619047619,0.0523809523809523,0.0809523809523809,0.0238095238095238,0.0238095238095238,0.0619047619047619,0.0380952380952381,0.0809523809523809,0.0857142857142857,0.0428571428571428,0.0761904761904762,0.0047619047619047,0.0428571428571428
0.0789793438639125,0.0230862697448359,0.0498177399756986,0.0558930741190765,0.0388821385176184,0.0534629404617253,0.0218712029161603,0.0425273390036452,0.0413122721749696,0.0862697448359659,0.0218712029161603,0.048602673147023,0.0753341433778857,0.0619684082624544,0.0279465370595382,0.1239368165249088,0.0862697448359659,0.0473876063183475,0.0048602673147023,0.0097205346294046
0.0759493670886076,0.030379746835443,0.0430379746835443,0.070886075949367,0.020253164556962,0.0582278481012658,0.0177215189873417,0.0430379746835443,0.0886075949367088,0.0936708860759493,0.0075949367088607,0.0379746835443038,0.0860759493670886,0.0455696202531645,0.0455696202531645,0.0911392405063291,0.0556962025316455,0.0531645569620253,0.0177215189873417,0.0177215189873417
0.063257065948856,0.0282637954239569,0.044414535666218,0.0699865410497981,0.0497981157469717,0.0834454912516823,0.0282637954239569,0.0282637954239569,0.0188425302826379,0.1063257065948856,0.0148048452220726,0.0188425302826379,0.0659488559892328,0.0497981157469717,0.0861372812920592,0.063257065948856,0.044414535666218,0.0820995962314939,0.02557200538358,0.0282637954239569
0.1028571428571428,0.0247619047619047,0.0419047619047619,0.0514285714285714,0.0285714285714285,0.0857142857142857,0.0285714285714285,0.0228571428571428,0.0247619047619047,0.12,0.0095238095238095,0.0133333333333333,0.1047619047619047,0.0438095238095238,0.0628571428571428,0.1371428571428571,0.0438095238095238,0.0361904761904761,0.0076190476190476,0.0095238095238095
0.1009174311926605,0.0275229357798165,0.0642201834862385,0.0458715596330275,0.036697247706422,0.0458715596330275,0.0091743119266055,0.1009174311926605,0.036697247706422,0.073394495412844,0.0275229357798165,0.0642201834862385,0.0642201834862385,0.0091743119266055,0.0458715596330275,0.091743119266055,0.036697247706422,0.055045871559633,0.018348623853211,0.0458715596330275
0.189406099518459,0.0144462279293739,0.0385232744783306,0.0770465489566613,0.0144462279293739,0.1284109149277688,0.0080256821829855,0.0032102728731942,0.0224719101123595,0.146067415730337,0.0080256821829855,0.0144462279293739,0.0995184590690208,0.0256821829855537,0.0561797752808988,0.0449438202247191,0.0369181380417335,0.0513643659711075,0.0176565008025682,0.0032102728731942
0.1033925686591276,0.0581583198707592,0.024232633279483,0.0807754442649434,0.0387722132471728,0.0823909531502423,0.0597738287560581,0.0032310177705977,0.0597738287560581,0.061389337641357,0.0145395799676898,0.0048465266558966,0.0920840064620355,0.0258481421647819,0.0936995153473344,0.0823909531502423,0.0436187399030694,0.048465266558966,0.0032310177705977,0.0193861066235864
0.0764192139737991,0.0442139737991266,0.0387554585152838,0.0867903930131004,0.0212882096069869,0.0960698689956331,0.0627729257641921,0.0141921397379912,0.0349344978165938,0.0764192139737991,0.0114628820960698,0.0305676855895196,0.0769650655021834,0.0491266375545851,0.0824235807860262,0.0895196506550218,0.0534934497816593,0.0300218340611353,0.0076419213973799,0.0169213973799126
0.0686175580221997,0.024217961654894,0.0554994954591321,0.0554994954591321,0.0383451059535822,0.0766902119071644,0.0302724520686175,0.0282542885973763,0.0575176589303733,0.1029263370332997,0.0181634712411705,0.0312815338042381,0.0857719475277497,0.0524722502522704,0.0554994954591321,0.0837537840565085,0.0353178607467204,0.0585267406659939,0.0110998990918264,0.0302724520686175
0.1175213675213675,0.0235042735042735,0.0384615384615384,0.0427350427350427,0.0192307692307692,0.0769230769230769,0.0256410256410256,0.0192307692307692,0.032051282051282,0.0918803418803418,0.0192307692307692,0.0106837606837606,0.1004273504273504,0.0512820512820512,0.0833333333333333,0.1303418803418803,0.0576923076923076,0.0491452991452991,0.0042735042735042,0.0064102564102564
0.1268882175226586,0.0090634441087613,0.0453172205438066,0.120845921450151,0.0060422960725075,0.066465256797583,0.0090634441087613,0.0030211480362537,0.066465256797583,0.066465256797583,0.0090634441087613,0.0060422960725075,0.1450151057401812,0.0362537764350453,0.1238670694864048,0.0725075528700906,0.0302114803625377,0.039274924471299,0.0181268882175226,0.0
0.1263736263736263,0.0183150183150183,0.0366300366300366,0.0732600732600732,0.0219780219780219,0.0384615384615384,0.0201465201465201,0.0256410256410256,0.0421245421245421,0.1007326007326007,0.0238095238095238,0.0073260073260073,0.108058608058608,0.0604395604395604,0.108058608058608,0.0732600732600732,0.0512820512820512,0.0476190476190476,0.0036630036630036,0.0128205128205128
0.0501930501930501,0.0334620334620334,0.0514800514800514,0.0617760617760617,0.0231660231660231,0.0553410553410553,0.0257400257400257,0.0437580437580437,0.0823680823680823,0.0978120978120978,0.0167310167310167,0.0501930501930501,0.0643500643500643,0.0386100386100386,0.0579150579150579,0.1132561132561132,0.0411840411840411,0.0579150579150579,0.0128700128700128,0.0218790218790218
0.0863309352517985,0.014388489208633,0.0431654676258992,0.0935251798561151,0.0071942446043165,0.0431654676258992,0.0431654676258992,0.0287769784172661,0.1007194244604316,0.0359712230215827,0.014388489208633,0.0215827338129496,0.079136690647482,0.0503597122302158,0.0719424460431654,0.1223021582733813,0.0575539568345323,0.0575539568345323,0.0071942446043165,0.0215827338129496
0.0521978021978022,0.0302197802197802,0.0467032967032967,0.1126373626373626,0.0109890109890109,0.0576923076923076,0.0329670329670329,0.0274725274725274,0.1043956043956044,0.0549450549450549,0.0109890109890109,0.0274725274725274,0.0741758241758241,0.0219780219780219,0.0604395604395604,0.1318681318681318,0.0576923076923076,0.0521978021978022,0.0192307692307692,0.0137362637362637
0.1348600508905852,0.0229007633587786,0.015267175572519,0.0458015267175572,0.015267175572519,0.0712468193384223,0.0127226463104325,0.0076335877862595,0.0254452926208651,0.1170483460559796,0.0178117048346055,0.0127226463104325,0.1297709923664122,0.0407124681933842,0.104325699745547,0.0916030534351145,0.0534351145038167,0.0432569974554707,0.0254452926208651,0.0127226463104325
0.0714285714285714,0.0051020408163265,0.0612244897959183,0.096938775510204,0.0306122448979591,0.0612244897959183,0.0255102040816326,0.0408163265306122,0.0204081632653061,0.1479591836734693,0.0153061224489795,0.0255102040816326,0.1122448979591836,0.0510204081632653,0.0561224489795918,0.0816326530612244,0.0306122448979591,0.0357142857142857,0.0204081632653061,0.010204081632653
0.1333333333333333,0.0041666666666666,0.05,0.0520833333333333,0.0229166666666666,0.04375,0.0125,0.0166666666666666,0.03125,0.1,0.0041666666666666,0.0125,0.13125,0.0625,0.06875,0.1479166666666666,0.05,0.0291666666666666,0.0208333333333333,0.00625
0.0884955752212389,0.0309734513274336,0.0420353982300885,0.0464601769911504,0.0154867256637168,0.0597345132743362,0.0287610619469026,0.0176991150442477,0.0331858407079646,0.1305309734513274,0.0176991150442477,0.0132743362831858,0.0995575221238938,0.0707964601769911,0.0619469026548672,0.077433628318584,0.0553097345132743,0.0752212389380531,0.0199115044247787,0.0154867256637168
0.1,0.01875,0.03875,0.0575,0.0275,0.08375,0.02875,0.01625,0.05375,0.065,0.02375,0.0325,0.07875,0.0675,0.07,0.09875,0.05,0.0325,0.0125,0.04375
0.0620155038759689,0.0542635658914728,0.0116279069767441,0.0310077519379844,0.0581395348837209,0.0775193798449612,0.0387596899224806,0.0348837209302325,0.0116279069767441,0.1627906976744186,0.003875968992248,0.0193798449612403,0.0581395348837209,0.0465116279069767,0.0193798449612403,0.1317829457364341,0.0387596899224806,0.0852713178294573,0.0348837209302325,0.0193798449612403
0.1169154228855721,0.0223880597014925,0.0248756218905472,0.0248756218905472,0.0049751243781094,0.1417910447761194,0.0298507462686567,0.0273631840796019,0.0199004975124378,0.0696517412935323,0.0099502487562189,0.0124378109452736,0.154228855721393,0.0348258706467661,0.0870646766169154,0.072139303482587,0.0796019900497512,0.0422885572139303,0.0199004975124378,0.0049751243781094
0.1028761061946902,0.0353982300884955,0.0431415929203539,0.0707964601769911,0.036504424778761,0.0785398230088495,0.0298672566371681,0.0165929203539823,0.0486725663716814,0.0785398230088495,0.0055309734513274,0.0132743362831858,0.1050884955752212,0.0542035398230088,0.0829646017699115,0.0785398230088495,0.0475663716814159,0.0431415929203539,0.0044247787610619,0.0243362831858407
0.0766871165644171,0.0368098159509202,0.0613496932515337,0.0398773006134969,0.0214723926380368,0.0766871165644171,0.0337423312883435,0.0705521472392638,0.0245398773006134,0.0613496932515337,0.0214723926380368,0.0613496932515337,0.0429447852760736,0.0490797546012269,0.0460122699386503,0.0858895705521472,0.0705521472392638,0.0613496932515337,0.0276073619631901,0.0306748466257668
0.1288265306122449,0.0306122448979591,0.0306122448979591,0.0994897959183673,0.0229591836734693,0.0778061224489796,0.0497448979591836,0.0369897959183673,0.048469387755102,0.0714285714285714,0.0140306122448979,0.0076530612244897,0.0573979591836734,0.0459183673469387,0.0510204081632653,0.0637755102040816,0.0714285714285714,0.0816326530612244,0.0,0.010204081632653
0.0839895013123359,0.0131233595800524,0.0629921259842519,0.0997375328083989,0.0183727034120734,0.0761154855643044,0.0183727034120734,0.0157480314960629,0.0446194225721784,0.0787401574803149,0.0183727034120734,0.0183727034120734,0.1391076115485564,0.0393700787401574,0.0682414698162729,0.0839895013123359,0.0446194225721784,0.0629921259842519,0.0131233595800524,0.0
0.0668789808917197,0.0350318471337579,0.0605095541401273,0.0222929936305732,0.0318471337579617,0.0891719745222929,0.0350318471337579,0.0286624203821656,0.0445859872611464,0.0955414012738853,0.019108280254777,0.0159235668789808,0.0382165605095541,0.0414012738853503,0.0605095541401273,0.1210191082802547,0.0668789808917197,0.0796178343949044,0.0382165605095541,0.0095541401273885
0.0599235019124521,0.0178495537611559,0.0437739056523586,0.0658733531661708,0.0365490862728431,0.0518487037824054,0.0276243093922651,0.0420739481512962,0.0497237569060773,0.102422439439014,0.0148746281342966,0.0348491287717807,0.0730981725456863,0.0548236294092647,0.0552486187845303,0.1126221844453888,0.0675733106672333,0.0616234594135146,0.0097747556311092,0.0178495537611559
0.0111731843575419,0.0055865921787709,0.0167597765363128,0.0279329608938547,0.0502793296089385,0.1843575418994413,0.0279329608938547,0.0055865921787709,0.0223463687150838,0.0167597765363128,0.0167597765363128,0.0223463687150838,0.1620111731843575,0.0670391061452514,0.0837988826815642,0.1396648044692737,0.0502793296089385,0.0223463687150838,0.0111731843575419,0.0558659217877094
0.0601092896174863,0.0382513661202185,0.0109289617486338,0.0546448087431694,0.0273224043715847,0.0327868852459016,0.0109289617486338,0.0218579234972677,0.0983606557377049,0.0163934426229508,0.0054644808743169,0.0109289617486338,0.1857923497267759,0.081967213114754,0.1475409836065573,0.1256830601092896,0.0163934426229508,0.0273224043715847,0.0109289617486338,0.0163934426229508
0.0476190476190476,0.0119047619047619,0.0595238095238095,0.0357142857142857,0.0476190476190476,0.0476190476190476,0.0119047619047619,0.0357142857142857,0.0476190476190476,0.0833333333333333,0.0119047619047619,0.0357142857142857,0.0476190476190476,0.0357142857142857,0.0476190476190476,0.2261904761904762,0.0357142857142857,0.0833333333333333,0.0238095238095238,0.0238095238095238
0.0889853499728703,0.0113944655453065,0.0417797069994574,0.0803038524145415,0.0200759631036353,0.0824742268041237,0.0293000542593597,0.027672273467173,0.0406945198046663,0.085729788388497,0.0151926207270754,0.0141074335322843,0.1036353771025501,0.0846446011937059,0.059142702116115,0.0846446011937059,0.0613130765056972,0.0537167661421595,0.0086814975583288,0.0065111231687466
0.117063492063492,0.0277777777777777,0.0198412698412698,0.0257936507936507,0.0575396825396825,0.0753968253968253,0.0218253968253968,0.0376984126984126,0.0257936507936507,0.121031746031746,0.0198412698412698,0.0059523809523809,0.0793650793650793,0.0317460317460317,0.0436507936507936,0.0853174603174603,0.0674603174603174,0.0932539682539682,0.0119047619047619,0.0317460317460317
0.0913705583756345,0.0304568527918781,0.0253807106598984,0.0558375634517766,0.0203045685279187,0.0812182741116751,0.0253807106598984,0.0558375634517766,0.0406091370558375,0.1116751269035533,0.0456852791878172,0.015228426395939,0.0761421319796954,0.0406091370558375,0.0304568527918781,0.0710659898477157,0.0406091370558375,0.1065989847715736,0.0,0.0355329949238578
0.0874418604651162,0.0046511627906976,0.0288372093023255,0.0520930232558139,0.0204651162790697,0.093953488372093,0.0306976744186046,0.0260465116279069,0.0409302325581395,0.0576744186046511,0.0204651162790697,0.0269767441860465,0.1544186046511627,0.0753488372093023,0.0455813953488372,0.1088372093023255,0.0474418604651162,0.0502325581395348,0.0027906976744186,0.0251162790697674
0.1379310344827586,0.0,0.0191570881226053,0.1187739463601532,0.0076628352490421,0.0881226053639846,0.0191570881226053,0.003831417624521,0.0306513409961685,0.1187739463601532,0.0114942528735632,0.0114942528735632,0.0996168582375478,0.0651340996168582,0.0957854406130268,0.0689655172413793,0.0383141762452107,0.0651340996168582,0.0,0.0
0.1325301204819277,0.0602409638554216,0.0240963855421686,0.036144578313253,0.036144578313253,0.0,0.0240963855421686,0.0240963855421686,0.0963855421686747,0.1686746987951807,0.0240963855421686,0.0240963855421686,0.0481927710843373,0.036144578313253,0.0240963855421686,0.0843373493975903,0.0240963855421686,0.0963855421686747,0.0240963855421686,0.0120481927710843
0.0734265734265734,0.0209790209790209,0.0419580419580419,0.1223776223776223,0.0174825174825174,0.0769230769230769,0.0279720279720279,0.0034965034965034,0.0349650349650349,0.0699300699300699,0.0209790209790209,0.0314685314685314,0.0664335664335664,0.0804195804195804,0.1153846153846153,0.0874125874125874,0.0489510489510489,0.0314685314685314,0.0139860139860139,0.0139860139860139
0.0966183574879227,0.0144927536231884,0.0289855072463768,0.0579710144927536,0.0144927536231884,0.0676328502415458,0.0338164251207729,0.038647342995169,0.0676328502415458,0.0772946859903381,0.0289855072463768,0.0241545893719806,0.0821256038647343,0.0241545893719806,0.0869565217391304,0.1062801932367149,0.0676328502415458,0.0531400966183574,0.0048309178743961,0.0241545893719806
0.0806451612903225,0.0064516129032258,0.032258064516129,0.0612903225806451,0.0161290322580645,0.0516129032258064,0.0290322580645161,0.0419354838709677,0.0161290322580645,0.0709677419354838,0.0129032258064516,0.0387096774193548,0.1032258064516129,0.0225806451612903,0.0161290322580645,0.1580645161290322,0.1387096774193548,0.0709677419354838,0.0129032258064516,0.0193548387096774
0.1217712177121771,0.022140221402214,0.040590405904059,0.059040590405904,0.018450184501845,0.1070110701107011,0.007380073800738,0.011070110701107,0.033210332103321,0.066420664206642,0.003690036900369,0.018450184501845,0.1254612546125461,0.033210332103321,0.1180811808118081,0.0996309963099631,0.033210332103321,0.051660516605166,0.014760147601476,0.014760147601476
0.097051597051597,0.0196560196560196,0.0294840294840294,0.0601965601965601,0.0221130221130221,0.0909090909090909,0.0233415233415233,0.0417690417690417,0.0257985257985257,0.0995085995085995,0.0073710073710073,0.0282555282555282,0.0945945945945946,0.0503685503685503,0.0651105651105651,0.0773955773955774,0.0626535626535626,0.0761670761670761,0.011056511056511,0.0171990171990172
0.0690607734806629,0.011049723756906,0.0690607734806629,0.1049723756906077,0.0193370165745856,0.154696132596685,0.005524861878453,0.0165745856353591,0.0497237569060773,0.0773480662983425,0.011049723756906,0.0331491712707182,0.0690607734806629,0.0441988950276243,0.0828729281767955,0.0828729281767955,0.0248618784530386,0.0524861878453038,0.011049723756906,0.011049723756906
0.0696117804551539,0.0307898259705488,0.0441767068273092,0.0414993306559571,0.0227576974564926,0.0655957161981258,0.0133868808567603,0.0321285140562249,0.0548862115127175,0.0990629183400267,0.0307898259705488,0.0642570281124498,0.037483266398929,0.0589022757697456,0.0682730923694779,0.1231593038821954,0.0548862115127175,0.0401606425702811,0.0080321285140562,0.0401606425702811
0.0755939524838013,0.038876889848812,0.0323974082073434,0.0453563714902807,0.0453563714902807,0.060475161987041,0.0626349892008639,0.0129589632829373,0.0691144708423326,0.1274298056155507,0.0172786177105831,0.0323974082073434,0.0993520518358531,0.0539956803455723,0.0323974082073434,0.0820734341252699,0.0647948164146868,0.0280777537796976,0.0021598272138228,0.0172786177105831
0.1194968553459119,0.0314465408805031,0.0062893081761006,0.0314465408805031,0.0691823899371069,0.10062893081761,0.0188679245283018,0.0377358490566037,0.0251572327044025,0.1132075471698113,0.0377358490566037,0.0188679245283018,0.0691823899371069,0.0251572327044025,0.0377358490566037,0.0943396226415094,0.050314465408805,0.0628930817610062,0.0314465408805031,0.0188679245283018
0.1188118811881188,0.0132013201320132,0.0297029702970297,0.0462046204620462,0.0462046204620462,0.066006600660066,0.0396039603960396,0.0099009900990099,0.0132013201320132,0.1056105610561056,0.0132013201320132,0.0264026402640264,0.066006600660066,0.0495049504950495,0.0957095709570957,0.0825082508250825,0.0528052805280528,0.0924092409240924,0.0066006600660066,0.0264026402640264
0.0581395348837209,0.0232558139534883,0.0581395348837209,0.0813953488372093,0.0348837209302325,0.0465116279069767,0.0581395348837209,0.0348837209302325,0.0581395348837209,0.0813953488372093,0.0465116279069767,0.0581395348837209,0.0465116279069767,0.0465116279069767,0.0465116279069767,0.0581395348837209,0.0581395348837209,0.0232558139534883,0.0232558139534883,0.0581395348837209
0.0271903323262839,0.0694864048338368,0.0211480362537764,0.0876132930513595,0.0271903323262839,0.066465256797583,0.0725075528700906,0.0332326283987915,0.1238670694864048,0.0422960725075528,0.0090634441087613,0.0422960725075528,0.0241691842900302,0.0483383685800604,0.0755287009063444,0.0845921450151057,0.0725075528700906,0.0362537764350453,0.0,0.0362537764350453
0.0447247706422018,0.0206422018348623,0.0573394495412844,0.0516055045871559,0.0263761467889908,0.0424311926605504,0.0286697247706422,0.040137614678899,0.0389908256880734,0.1112385321100917,0.0252293577981651,0.0321100917431192,0.1112385321100917,0.0711009174311926,0.0561926605504587,0.1032110091743119,0.0573394495412844,0.0596330275229357,0.0080275229357798,0.0137614678899082
0.0435897435897435,0.0666666666666666,0.0205128205128205,0.0974358974358974,0.0512820512820512,0.0717948717948717,0.0769230769230769,0.0358974358974358,0.0923076923076923,0.0512820512820512,0.0153846153846153,0.0435897435897435,0.0333333333333333,0.023076923076923,0.0435897435897435,0.0717948717948717,0.0743589743589743,0.0358974358974358,0.0025641025641025,0.0487179487179487
0.1194029850746268,0.0298507462686567,0.0597014925373134,0.0895522388059701,0.0298507462686567,0.0746268656716417,0.0149253731343283,0.0298507462686567,0.044776119402985,0.0597014925373134,0.0149253731343283,0.0149253731343283,0.0746268656716417,0.044776119402985,0.1194029850746268,0.0597014925373134,0.0746268656716417,0.0298507462686567,0.0,0.0149253731343283
0.0796610169491525,0.0203389830508474,0.0508474576271186,0.0779661016949152,0.0254237288135593,0.0796610169491525,0.0152542372881355,0.0271186440677966,0.0423728813559322,0.0813559322033898,0.0050847457627118,0.011864406779661,0.135593220338983,0.0305084745762711,0.0949152542372881,0.0983050847457627,0.0423728813559322,0.0576271186440678,0.011864406779661,0.011864406779661
0.063953488372093,0.0232558139534883,0.0290697674418604,0.0406976744186046,0.0232558139534883,0.0523255813953488,0.0465116279069767,0.0290697674418604,0.0406976744186046,0.1395348837209302,0.0174418604651162,0.0290697674418604,0.0988372093023255,0.0581395348837209,0.0348837209302325,0.1162790697674418,0.0523255813953488,0.0406976744186046,0.0232558139534883,0.0406976744186046
0.0951327433628318,0.079646017699115,0.0199115044247787,0.0508849557522123,0.0442477876106194,0.084070796460177,0.079646017699115,0.0088495575221238,0.0442477876106194,0.0730088495575221,0.0022123893805309,0.0066371681415929,0.0575221238938053,0.0376106194690265,0.1305309734513274,0.084070796460177,0.0575221238938053,0.0331858407079646,0.0,0.0110619469026548
0.1253822629969418,0.0122324159021406,0.0244648318042813,0.0825688073394495,0.0091743119266055,0.0672782874617737,0.0244648318042813,0.0489296636085626,0.0489296636085626,0.0856269113149847,0.0244648318042813,0.0336391437308868,0.0764525993883792,0.073394495412844,0.055045871559633,0.0458715596330275,0.0672782874617737,0.0795107033639143,0.0061162079510703,0.0091743119266055
0.1167108753315649,0.013262599469496,0.0185676392572944,0.0344827586206896,0.0238726790450928,0.0079575596816976,0.0318302387267904,0.0238726790450928,0.0371352785145888,0.053050397877984,0.0079575596816976,0.0371352785145888,0.2015915119363395,0.0344827586206896,0.0291777188328912,0.1246684350132626,0.1644562334217506,0.0318302387267904,0.0,0.0079575596816976
0.0632911392405063,0.0126582278481012,0.0,0.0126582278481012,0.050632911392405,0.1392405063291139,0.0,0.0379746835443038,0.0126582278481012,0.0632911392405063,0.0126582278481012,0.0,0.3924050632911392,0.0379746835443038,0.0379746835443038,0.0253164556962025,0.0253164556962025,0.0126582278481012,0.0253164556962025,0.0379746835443038
0.0772727272727272,0.0022727272727272,0.0318181818181818,0.0318181818181818,0.0159090909090909,0.0818181818181818,0.0227272727272727,0.0227272727272727,0.0454545454545454,0.0636363636363636,0.0113636363636363,0.034090909090909,0.2659090909090909,0.0318181818181818,0.084090909090909,0.0954545454545454,0.0409090909090909,0.025,0.0,0.0159090909090909
0.0821917808219178,0.0273972602739726,0.0547945205479452,0.136986301369863,0.0273972602739726,0.0410958904109589,0.0136986301369863,0.0273972602739726,0.0684931506849315,0.0821917808219178,0.0136986301369863,0.0273972602739726,0.0410958904109589,0.0410958904109589,0.0547945205479452,0.0958904109589041,0.0821917808219178,0.0410958904109589,0.0273972602739726,0.0136986301369863
0.0388349514563106,0.0388349514563106,0.029126213592233,0.0194174757281553,0.0776699029126213,0.0258899676375404,0.0388349514563106,0.0647249190938511,0.0420711974110032,0.1521035598705501,0.0323624595469255,0.0323624595469255,0.0388349514563106,0.0194174757281553,0.0355987055016181,0.1035598705501618,0.0809061488673139,0.0841423948220064,0.0,0.0453074433656957
0.0880503144654088,0.0345911949685534,0.0345911949685534,0.0094339622641509,0.0628930817610062,0.0566037735849056,0.0377358490566037,0.0534591194968553,0.0094339622641509,0.160377358490566,0.0345911949685534,0.0314465408805031,0.0534591194968553,0.0220125786163522,0.0471698113207547,0.0723270440251572,0.050314465408805,0.0849056603773584,0.0125786163522012,0.0440251572327044
0.0881863560732113,0.0199667221297836,0.0374376039933444,0.0715474209650582,0.0307820299500831,0.0665557404326123,0.0274542429284525,0.0341098169717138,0.0399334442595673,0.1039933444259567,0.019134775374376,0.0149750415973377,0.1073211314475873,0.0424292845257903,0.0665557404326123,0.103161397670549,0.0449251247920133,0.0457570715474209,0.0141430948419301,0.021630615640599
0.1009296148738379,0.0199203187250996,0.0517928286852589,0.0597609561752988,0.0292164674634794,0.0823373173970783,0.0119521912350597,0.0358565737051792,0.0398406374501992,0.1381142098273572,0.0119521912350597,0.0212483399734395,0.0810092961487383,0.0318725099601593,0.0783532536520584,0.0703851261620186,0.0424966799468791,0.0796812749003984,0.0066401062416998,0.0066401062416998
0.0565110565110565,0.0221130221130221,0.0368550368550368,0.0933660933660933,0.0294840294840294,0.0638820638820638,0.0319410319410319,0.0294840294840294,0.0368550368550368,0.1228501228501228,0.0196560196560196,0.0073710073710073,0.0687960687960688,0.081081081081081,0.0638820638820638,0.085995085995086,0.0491400491400491,0.0712530712530712,0.0122850122850122,0.0171990171990172
0.0336134453781512,0.0168067226890756,0.0336134453781512,0.0546218487394958,0.0294117647058823,0.0336134453781512,0.0378151260504201,0.0378151260504201,0.0672268907563025,0.0924369747899159,0.0084033613445378,0.0168067226890756,0.1218487394957983,0.0714285714285714,0.0672268907563025,0.134453781512605,0.0672268907563025,0.0504201680672268,0.0084033613445378,0.0168067226890756
0.1231671554252199,0.0117302052785923,0.0557184750733137,0.0351906158357771,0.0175953079178885,0.0703812316715542,0.0117302052785923,0.0146627565982404,0.0175953079178885,0.1085043988269794,0.0058651026392961,0.0146627565982404,0.1935483870967742,0.0469208211143695,0.1173020527859237,0.0615835777126099,0.0498533724340175,0.0293255131964809,0.0087976539589442,0.0058651026392961
0.0634146341463414,0.0195121951219512,0.0829268292682926,0.073170731707317,0.048780487804878,0.048780487804878,0.024390243902439,0.024390243902439,0.0439024390243902,0.0975609756097561,0.0195121951219512,0.048780487804878,0.048780487804878,0.0634146341463414,0.048780487804878,0.1414634146341463,0.0341463414634146,0.0341463414634146,0.0097560975609756,0.024390243902439
0.0599078341013824,0.0368663594470046,0.064516129032258,0.0414746543778801,0.0276497695852534,0.032258064516129,0.0368663594470046,0.0506912442396313,0.0599078341013824,0.1382488479262673,0.0368663594470046,0.0368663594470046,0.0599078341013824,0.0368663594470046,0.0506912442396313,0.0829493087557603,0.0414746543778801,0.064516129032258,0.0184331797235023,0.0230414746543778
0.0866274179983179,0.0378469301934398,0.0344827586206896,0.0647603027754415,0.0227081581160639,0.1101766190075693,0.0344827586206896,0.0142977291841883,0.0336417157275021,0.1084945332211942,0.009251471825063,0.0142977291841883,0.1152228763666947,0.0580319596299411,0.0597140454163162,0.0698065601345668,0.0437342304457527,0.0479394449116905,0.0252312867956265,0.009251471825063
0.0632911392405063,0.0443037974683544,0.0253164556962025,0.0379746835443038,0.0253164556962025,0.0759493670886076,0.0316455696202531,0.050632911392405,0.0569620253164556,0.1012658227848101,0.0379746835443038,0.0569620253164556,0.0316455696202531,0.050632911392405,0.0632911392405063,0.120253164556962,0.0189873417721519,0.0063291139240506,0.0443037974683544,0.0569620253164556
0.0878378378378378,0.0304054054054054,0.0608108108108108,0.0675675675675675,0.0337837837837837,0.0472972972972973,0.0067567567567567,0.0439189189189189,0.0506756756756756,0.125,0.0236486486486486,0.0135135135135135,0.0574324324324324,0.054054054054054,0.0709459459459459,0.0709459459459459,0.054054054054054,0.0608108108108108,0.0168918918918918,0.0236486486486486
0.0334928229665071,0.0191387559808612,0.0382775119617224,0.055023923444976,0.0454545454545454,0.0502392344497607,0.0430622009569378,0.0478468899521531,0.0382775119617224,0.1148325358851674,0.0167464114832535,0.0311004784688995,0.0645933014354067,0.0526315789473684,0.0454545454545454,0.131578947368421,0.0645933014354067,0.062200956937799,0.0167464114832535,0.0287081339712918
0.0994152046783625,0.0263157894736842,0.0409356725146198,0.0497076023391812,0.0380116959064327,0.0935672514619883,0.0175438596491228,0.0087719298245614,0.0321637426900584,0.087719298245614,0.0175438596491228,0.0146198830409356,0.1871345029239766,0.0584795321637426,0.0555555555555555,0.0730994152046783,0.023391812865497,0.0467836257309941,0.0029239766081871,0.0263157894736842
0.0808823529411764,0.0220588235294117,0.0367647058823529,0.0784313725490196,0.0269607843137254,0.0686274509803921,0.0392156862745098,0.0196078431372549,0.0441176470588235,0.0906862745098039,0.017156862745098,0.0073529411764705,0.1127450980392156,0.071078431372549,0.0857843137254902,0.0833333333333333,0.0441176470588235,0.0490196078431372,0.0196078431372549,0.0024509803921568
0.0714285714285714,0.125,0.0535714285714285,0.0357142857142857,0.0267857142857142,0.0714285714285714,0.0357142857142857,0.0357142857142857,0.0089285714285714,0.0982142857142857,0.0357142857142857,0.0089285714285714,0.0625,0.0535714285714285,0.0535714285714285,0.0625,0.0803571428571428,0.0267857142857142,0.0178571428571428,0.0357142857142857
0.0826771653543307,0.0118110236220472,0.0472440944881889,0.0748031496062992,0.0393700787401574,0.0787401574803149,0.0354330708661417,0.0118110236220472,0.0511811023622047,0.0590551181102362,0.0157480314960629,0.0433070866141732,0.0984251968503937,0.0433070866141732,0.0748031496062992,0.1102362204724409,0.0551181102362204,0.0314960629921259,0.0157480314960629,0.0196850393700787
0.0636363636363636,0.0145454545454545,0.049090909090909,0.0981818181818181,0.0254545454545454,0.0527272727272727,0.0236363636363636,0.0381818181818181,0.0418181818181818,0.0909090909090909,0.0127272727272727,0.0145454545454545,0.1236363636363636,0.0763636363636363,0.049090909090909,0.0981818181818181,0.049090909090909,0.04,0.0218181818181818,0.0163636363636363
0.0827586206896551,0.0344827586206896,0.0206896551724137,0.0482758620689655,0.0068965517241379,0.0758620689655172,0.0413793103448275,0.0344827586206896,0.0068965517241379,0.0689655172413793,0.0137931034482758,0.0413793103448275,0.0620689655172413,0.0551724137931034,0.0689655172413793,0.1517241379310344,0.0827586206896551,0.0620689655172413,0.0275862068965517,0.0137931034482758
0.1128349788434414,0.005641748942172,0.0437235543018335,0.0648801128349788,0.0155148095909732,0.0578279266572637,0.0267983074753173,0.0394922425952045,0.0183356840620592,0.0535966149506347,0.0126939351198871,0.0126939351198871,0.1071932299012694,0.007052186177715,0.0451339915373765,0.1875881523272214,0.1269393511988716,0.0550070521861777,0.004231311706629,0.002820874471086
0.0797227036395147,0.0207972270363951,0.0381282495667244,0.0641247833622183,0.0311958405545927,0.0658578856152513,0.0311958405545927,0.0277296360485268,0.07105719237435,0.0675909878682842,0.0190641247833622,0.024263431542461,0.0762564991334488,0.0537261698440207,0.0641247833622183,0.1282495667244367,0.0589254766031195,0.0571923743500866,0.0086655112651646,0.0121317157712305
0.0477326968973747,0.0071599045346062,0.0620525059665871,0.0906921241050119,0.0143198090692124,0.0906921241050119,0.0143198090692124,0.0167064439140811,0.0548926014319809,0.1217183770883054,0.0143198090692124,0.0095465393794749,0.0954653937947494,0.0310262529832935,0.0906921241050119,0.1002386634844868,0.0525059665871121,0.0668257756563245,0.0095465393794749,0.0095465393794749
0.0693641618497109,0.0057803468208092,0.0722543352601156,0.0375722543352601,0.0289017341040462,0.0895953757225433,0.0260115606936416,0.0346820809248554,0.0231213872832369,0.1213872832369942,0.0115606936416184,0.0289017341040462,0.0895953757225433,0.0404624277456647,0.0982658959537572,0.1069364161849711,0.0317919075144508,0.0722543352601156,0.0057803468208092,0.0057803468208092
0.0485436893203883,0.0194174757281553,0.0194174757281553,0.2135922330097087,0.0097087378640776,0.1067961165048543,0.0388349514563106,0.0,0.0679611650485436,0.0776699029126213,0.029126213592233,0.029126213592233,0.0679611650485436,0.0776699029126213,0.029126213592233,0.116504854368932,0.029126213592233,0.0194174757281553,0.0,0.0
0.08130081300813,0.016260162601626,0.016260162601626,0.040650406504065,0.056910569105691,0.08130081300813,0.048780487804878,0.016260162601626,0.024390243902439,0.1382113821138211,0.008130081300813,0.024390243902439,0.089430894308943,0.056910569105691,0.0975609756097561,0.065040650406504,0.048780487804878,0.048780487804878,0.016260162601626,0.024390243902439
0.1349693251533742,0.00920245398773,0.0230061349693251,0.0429447852760736,0.0168711656441717,0.1058282208588957,0.0199386503067484,0.013803680981595,0.0291411042944785,0.0812883435582822,0.0107361963190184,0.0153374233128834,0.1963190184049079,0.0383435582822085,0.0720858895705521,0.0858895705521472,0.0552147239263803,0.0306748466257668,0.0122699386503067,0.0061349693251533
0.1324200913242009,0.0273972602739726,0.0136986301369863,0.0273972602739726,0.0091324200913242,0.1232876712328767,0.0319634703196347,0.0319634703196347,0.0045662100456621,0.1780821917808219,0.0273972602739726,0.0045662100456621,0.0410958904109589,0.045662100456621,0.045662100456621,0.1095890410958904,0.045662100456621,0.0821917808219178,0.0136986301369863,0.0045662100456621
0.0862944162436548,0.0253807106598984,0.015228426395939,0.0558375634517766,0.0203045685279187,0.0710659898477157,0.015228426395939,0.0558375634517766,0.0862944162436548,0.1370558375634517,0.0406091370558375,0.0203045685279187,0.0558375634517766,0.0507614213197969,0.0355329949238578,0.1065989847715736,0.0406091370558375,0.0609137055837563,0.015228426395939,0.0050761421319796
0.1327231121281464,0.0091533180778032,0.0389016018306636,0.05720823798627,0.0274599542334096,0.0869565217391304,0.0251716247139588,0.0091533180778032,0.011441647597254,0.1418764302059496,0.011441647597254,0.0205949656750572,0.0778032036613272,0.0411899313501144,0.125858123569794,0.0503432494279176,0.0297482837528604,0.0549199084668192,0.0297482837528604,0.0183066361556064
0.0649038461538461,0.0576923076923076,0.0384615384615384,0.0817307692307692,0.0432692307692307,0.0576923076923076,0.0384615384615384,0.0384615384615384,0.0625,0.0552884615384615,0.0288461538461538,0.0336538461538461,0.0625,0.0432692307692307,0.0625,0.0985576923076923,0.0360576923076923,0.0528846153846153,0.0072115384615384,0.0360576923076923
0.0848623853211009,0.0275229357798165,0.0252293577981651,0.0298165137614678,0.0642201834862385,0.0963302752293578,0.018348623853211,0.0435779816513761,0.018348623853211,0.1399082568807339,0.0206422018348623,0.0206422018348623,0.0344036697247706,0.0389908256880734,0.0412844036697247,0.1032110091743119,0.0573394495412844,0.0756880733944954,0.0344036697247706,0.0252293577981651
0.1498708010335917,0.0258397932816537,0.0284237726098191,0.0594315245478036,0.020671834625323,0.0878552971576227,0.020671834625323,0.0129198966408268,0.0103359173126615,0.1136950904392764,0.0077519379844961,0.0155038759689922,0.1369509043927648,0.0568475452196382,0.0568475452196382,0.0852713178294573,0.0335917312661498,0.0568475452196382,0.0129198966408268,0.0077519379844961
0.0765832106038291,0.0227224910582789,0.0338733431516936,0.0715337681464338,0.0286135072585735,0.0498632442667788,0.0366084578161161,0.0298758678729223,0.0363980643803913,0.1611613717652009,0.0195665895224069,0.0229328844940037,0.0673258994319377,0.0719545550178834,0.0549126867241742,0.0784767515253524,0.0412371134020618,0.0578581948243214,0.0195665895224069,0.0189354092152324
0.0914634146341463,0.0304878048780487,0.024390243902439,0.073170731707317,0.0060975609756097,0.0426829268292682,0.0304878048780487,0.0121951219512195,0.0060975609756097,0.2134146341463414,0.024390243902439,0.0121951219512195,0.0853658536585365,0.048780487804878,0.0670731707317073,0.1036585365853658,0.0426829268292682,0.0609756097560975,0.0060975609756097,0.0182926829268292
0.0857142857142857,0.0775510204081632,0.0285714285714285,0.0775510204081632,0.0204081632653061,0.0653061224489796,0.036734693877551,0.0204081632653061,0.0571428571428571,0.1020408163265306,0.0081632653061224,0.0408163265306122,0.0653061224489796,0.0448979591836734,0.1020408163265306,0.0448979591836734,0.036734693877551,0.0653061224489796,0.0122448979591836,0.0081632653061224
0.1302186878727634,0.0288270377733598,0.0318091451292246,0.0636182902584493,0.0168986083499005,0.0904572564612326,0.0318091451292246,0.0188866799204771,0.0357852882703777,0.0755467196819085,0.0069582504970178,0.0178926441351888,0.1640159045725646,0.0318091451292246,0.0646123260437375,0.0854870775347912,0.0427435387673956,0.0357852882703777,0.0049701789264413,0.0218687872763419
0.1393939393939394,0.0212121212121212,0.0212121212121212,0.0181818181818181,0.0242424242424242,0.0818181818181818,0.0121212121212121,0.0242424242424242,0.003030303030303,0.206060606060606,0.0121212121212121,0.0242424242424242,0.0848484848484848,0.0363636363636363,0.0666666666666666,0.0848484848484848,0.0363636363636363,0.0424242424242424,0.0303030303030303,0.0303030303030303
0.1083591331269349,0.0464396284829721,0.0402476780185758,0.0681114551083591,0.0371517027863777,0.1145510835913312,0.0588235294117647,0.0123839009287925,0.0247678018575851,0.0619195046439628,0.0092879256965944,0.0092879256965944,0.0959752321981424,0.0309597523219814,0.0897832817337461,0.0773993808049535,0.0464396284829721,0.0588235294117647,0.0,0.0092879256965944
0.0403587443946188,0.0672645739910313,0.0313901345291479,0.0874439461883408,0.0426008968609865,0.0739910313901345,0.0739910313901345,0.0470852017937219,0.085201793721973,0.0627802690582959,0.0067264573991031,0.0156950672645739,0.0582959641255605,0.0672645739910313,0.0627802690582959,0.0919282511210762,0.0448430493273542,0.0112107623318385,0.0,0.0291479820627802
0.0714285714285714,0.0142857142857142,0.0428571428571428,0.0857142857142857,0.0642857142857142,0.0285714285714285,0.0214285714285714,0.0214285714285714,0.0357142857142857,0.1142857142857142,0.0285714285714285,0.0285714285714285,0.1,0.0642857142857142,0.0428571428571428,0.1142857142857142,0.0214285714285714,0.05,0.0357142857142857,0.0142857142857142
0.0470262793914246,0.0304287690179806,0.0373443983402489,0.0539419087136929,0.0359612724757952,0.0567081604426002,0.0331950207468879,0.0636237897648686,0.0553250345781466,0.1203319502074688,0.0276625172890733,0.0401106500691562,0.0428769017980636,0.0497925311203319,0.0401106500691562,0.0899031811894882,0.0663900414937759,0.0691562932226832,0.0041493775933609,0.0359612724757952
0.1411290322580645,0.0584677419354838,0.0282258064516129,0.0665322580645161,0.0403225806451612,0.127016129032258,0.0604838709677419,0.0060483870967741,0.0383064516129032,0.0927419354838709,0.0040322580645161,0.0100806451612903,0.094758064516129,0.0120967741935483,0.0766129032258064,0.0625,0.032258064516129,0.0282258064516129,0.0060483870967741,0.0141129032258064
0.03690036900369,0.081180811808118,0.003690036900369,0.081180811808118,0.040590405904059,0.066420664206642,0.077490774907749,0.03690036900369,0.1070110701107011,0.055350553505535,0.014760147601476,0.029520295202952,0.033210332103321,0.070110701107011,0.066420664206642,0.092250922509225,0.059040590405904,0.018450184501845,0.0,0.029520295202952
0.1210762331838565,0.1300448430493273,0.0112107623318385,0.0358744394618834,0.0112107623318385,0.0358744394618834,0.0919282511210762,0.0089686098654708,0.0044843049327354,0.0650224215246636,0.0291479820627802,0.0022421524663677,0.1300448430493273,0.0,0.0717488789237668,0.0672645739910313,0.0650224215246636,0.0896860986547085,0.0246636771300448,0.0044843049327354
0.0550161812297734,0.0404530744336569,0.0420711974110032,0.0663430420711974,0.0323624595469255,0.1100323624595469,0.0533980582524271,0.0194174757281553,0.0647249190938511,0.0647249190938511,0.0064724919093851,0.0080906148867313,0.1294498381877022,0.0404530744336569,0.0954692556634304,0.0728155339805825,0.0420711974110032,0.0372168284789644,0.0064724919093851,0.0129449838187702
0.0315457413249211,0.0441640378548895,0.0410094637223974,0.1198738170347003,0.0504731861198738,0.056782334384858,0.0189274447949526,0.0820189274447949,0.0725552050473186,0.0599369085173501,0.0220820189274447,0.0536277602523659,0.056782334384858,0.028391167192429,0.0473186119873817,0.0347003154574132,0.0473186119873817,0.0630914826498422,0.0220820189274447,0.0473186119873817
0.0346153846153846,0.0038461538461538,0.0423076923076923,0.073076923076923,0.0384615384615384,0.0884615384615384,0.0153846153846153,0.0884615384615384,0.0692307692307692,0.1076923076923077,0.0192307692307692,0.0384615384615384,0.0384615384615384,0.023076923076923,0.0846153846153846,0.0769230769230769,0.0423076923076923,0.0615384615384615,0.0076923076923076,0.0461538461538461
0.0810055865921787,0.0121042830540037,0.0465549348230912,0.068901303538175,0.0297951582867784,0.0754189944134078,0.0270018621973929,0.0297951582867784,0.0251396648044692,0.1098696461824953,0.0130353817504655,0.0139664804469273,0.0893854748603352,0.0391061452513966,0.0670391061452514,0.0949720670391061,0.0670391061452514,0.0819366852886405,0.0111731843575419,0.0167597765363128
0.0571428571428571,0.0408163265306122,0.0163265306122449,0.036734693877551,0.073469387755102,0.0857142857142857,0.0530612244897959,0.0489795918367346,0.0326530612244898,0.1346938775510204,0.0285714285714285,0.0204081632653061,0.0326530612244898,0.0204081632653061,0.0448979591836734,0.0775510204081632,0.0489795918367346,0.073469387755102,0.0408163265306122,0.0326530612244898
0.1630901287553648,0.0214592274678111,0.0515021459227467,0.0729613733905579,0.0042918454935622,0.1072961373390558,0.0042918454935622,0.0128755364806866,0.0085836909871244,0.111587982832618,0.0042918454935622,0.0042918454935622,0.111587982832618,0.0515021459227467,0.1030042918454935,0.0643776824034334,0.0257510729613733,0.0643776824034334,0.0085836909871244,0.0042918454935622
0.0942622950819672,0.0368852459016393,0.0327868852459016,0.0614754098360655,0.0286885245901639,0.0942622950819672,0.0245901639344262,0.0532786885245901,0.0245901639344262,0.1065573770491803,0.0163934426229508,0.0245901639344262,0.0450819672131147,0.0532786885245901,0.0450819672131147,0.0778688524590164,0.0737704918032786,0.0614754098360655,0.0204918032786885,0.0245901639344262
0.1264044943820224,0.0168539325842696,0.0337078651685393,0.0393258426966292,0.0252808988764044,0.1095505617977528,0.0280898876404494,0.0252808988764044,0.0224719101123595,0.1292134831460674,0.0112359550561797,0.0140449438202247,0.0842696629213483,0.0337078651685393,0.0870786516853932,0.0533707865168539,0.0505617977528089,0.0646067415730337,0.0252808988764044,0.0196629213483146
0.0797872340425532,0.0212765957446808,0.0319148936170212,0.0425531914893617,0.0212765957446808,0.1063829787234042,0.0319148936170212,0.0212765957446808,0.0851063829787234,0.0531914893617021,0.0319148936170212,0.0372340425531914,0.0904255319148936,0.0319148936170212,0.0638297872340425,0.101063829787234,0.0797872340425532,0.0372340425531914,0.0,0.0319148936170212
0.0919540229885057,0.0459770114942528,0.0689655172413793,0.0919540229885057,0.0229885057471264,0.0344827586206896,0.057471264367816,0.0114942528735632,0.0344827586206896,0.0344827586206896,0.0344827586206896,0.0,0.0344827586206896,0.1839080459770115,0.0804597701149425,0.0689655172413793,0.0344827586206896,0.0459770114942528,0.0229885057471264,0.0
0.086522462562396,0.0083194675540765,0.0332778702163061,0.0748752079866888,0.0149750415973377,0.0698835274542429,0.0183028286189683,0.0249584026622296,0.0532445923460898,0.0898502495840266,0.0116472545757071,0.021630615640599,0.1281198003327787,0.064891846921797,0.0632279534109817,0.1347753743760399,0.064891846921797,0.0249584026622296,0.0033277870216306,0.0083194675540765
0.0649350649350649,0.0909090909090909,0.0129870129870129,0.0779220779220779,0.0519480519480519,0.1298701298701298,0.0649350649350649,0.0,0.1298701298701298,0.0389610389610389,0.0259740259740259,0.0259740259740259,0.0779220779220779,0.0,0.0389610389610389,0.0389610389610389,0.0519480519480519,0.0259740259740259,0.0129870129870129,0.0389610389610389
0.0218978102189781,0.1094890510948905,0.0072992700729927,0.0145985401459854,0.0583941605839416,0.0875912408759124,0.0072992700729927,0.0218978102189781,0.0072992700729927,0.0656934306569343,0.0072992700729927,0.072992700729927,0.0510948905109489,0.0510948905109489,0.0364963503649635,0.1824817518248175,0.0948905109489051,0.0072992700729927,0.0,0.0948905109489051
0.0455555555555555,0.0155555555555555,0.0444444444444444,0.0777777777777777,0.0311111111111111,0.0522222222222222,0.0322222222222222,0.0333333333333333,0.0644444444444444,0.0966666666666666,0.0222222222222222,0.0422222222222222,0.0533333333333333,0.0488888888888888,0.06,0.1488888888888888,0.07,0.0466666666666666,0.0011111111111111,0.0133333333333333
0.0537897310513447,0.0537897310513447,0.0391198044009779,0.0415647921760391,0.0342298288508557,0.0660146699266503,0.0220048899755501,0.0562347188264058,0.0586797066014669,0.1320293398533007,0.0195599022004889,0.0293398533007334,0.0464547677261613,0.0342298288508557,0.0586797066014669,0.0709046454767726,0.0586797066014669,0.0684596577017114,0.0195599022004889,0.0366748166259168
0.078125,0.015625,0.046875,0.109375,0.0260416666666666,0.0338541666666666,0.03125,0.0416666666666666,0.0494791666666666,0.1119791666666666,0.0260416666666666,0.0364583333333333,0.1067708333333333,0.0651041666666666,0.0286458333333333,0.1041666666666666,0.046875,0.0286458333333333,0.0078125,0.0052083333333333
0.0595667870036101,0.0216606498194945,0.0487364620938628,0.0722021660649819,0.0288808664259927,0.0667870036101083,0.01985559566787,0.0252707581227436,0.0306859205776173,0.1010830324909747,0.0162454873646209,0.0288808664259927,0.111913357400722,0.0595667870036101,0.0577617328519855,0.1155234657039711,0.0577617328519855,0.055956678700361,0.0108303249097472,0.0108303249097472
0.0905511811023622,0.0078740157480314,0.0314960629921259,0.0383858267716535,0.0236220472440944,0.0807086614173228,0.0334645669291338,0.0137795275590551,0.0354330708661417,0.0885826771653543,0.0285433070866141,0.0472440944881889,0.1112204724409448,0.109251968503937,0.0383858267716535,0.1230314960629921,0.0423228346456692,0.0383858267716535,0.0039370078740157,0.0137795275590551
0.0955259975816203,0.0423216444981862,0.0447400241837968,0.0435308343409915,0.0386940749697702,0.0701330108827085,0.026602176541717,0.0399032648125755,0.0411124546553808,0.1124546553808948,0.0181378476420798,0.0278113663845223,0.0435308343409915,0.0435308343409915,0.0556227327690447,0.0991535671100362,0.0519951632406287,0.0677146311970979,0.0133010882708585,0.0241837968561064
0.0889570552147239,0.0398773006134969,0.0245398773006134,0.0306748466257668,0.0429447852760736,0.0920245398773006,0.00920245398773,0.0429447852760736,0.0184049079754601,0.1165644171779141,0.00920245398773,0.0184049079754601,0.1104294478527607,0.0429447852760736,0.0337423312883435,0.0828220858895705,0.0490797546012269,0.0858895705521472,0.0061349693251533,0.0552147239263803
0.1089108910891089,0.0099009900990099,0.0495049504950495,0.099009900990099,0.0297029702970297,0.0792079207920792,0.0297029702970297,0.0099009900990099,0.0297029702970297,0.1089108910891089,0.0198019801980198,0.0198019801980198,0.099009900990099,0.0792079207920792,0.0693069306930693,0.0594059405940594,0.0099009900990099,0.0297029702970297,0.0396039603960396,0.0198019801980198
0.0850202429149797,0.0148448043184885,0.029689608636977,0.0701754385964912,0.020242914979757,0.0917678812415654,0.0215924426450742,0.0121457489878542,0.0472334682860998,0.0931174089068826,0.0188933873144399,0.0080971659919028,0.1511470985155195,0.0620782726045884,0.0593792172739541,0.0836707152496626,0.0445344129554655,0.0634278002699055,0.0121457489878542,0.0107962213225371
0.0389105058365758,0.0155642023346303,0.0350194552529182,0.0583657587548638,0.0622568093385214,0.0661478599221789,0.0311284046692607,0.0583657587548638,0.0311284046692607,0.11284046692607,0.0194552529182879,0.0311284046692607,0.0428015564202334,0.0428015564202334,0.0583657587548638,0.1361867704280155,0.046692607003891,0.0544747081712062,0.0350194552529182,0.0233463035019455
0.0508308895405669,0.0263929618768328,0.0518084066471163,0.0821114369501466,0.032258064516129,0.0527859237536656,0.0127077223851417,0.0361681329423264,0.0869990224828934,0.0801564027370479,0.0136852394916911,0.0576735092864125,0.0664711632453567,0.0381231671554252,0.0615835777126099,0.1339198435972629,0.0547409579667644,0.0498533724340175,0.0009775171065493,0.010752688172043
0.1058122205663189,0.0163934426229508,0.0611028315946348,0.081967213114754,0.0134128166915052,0.1281669150521609,0.0193740685543964,0.022354694485842,0.0700447093889716,0.0581222056631892,0.0119225037257824,0.0163934426229508,0.0983606557377049,0.0178837555886736,0.0685543964232488,0.0968703427719821,0.0476900149031296,0.052160953800298,0.0044709388971684,0.0089418777943368
0.1345177664974619,0.0203045685279187,0.0406091370558375,0.0786802030456852,0.0203045685279187,0.0736040609137055,0.0050761421319796,0.0177664974619289,0.0228426395939086,0.116751269035533,0.015228426395939,0.0025380710659898,0.1040609137055837,0.0710659898477157,0.1142131979695431,0.0710659898477157,0.0380710659898477,0.0406091370558375,0.0076142131979695,0.0050761421319796
0.0084745762711864,0.2033898305084746,0.0,0.0084745762711864,0.0,0.135593220338983,0.0338983050847457,0.0,0.0508474576271186,0.0169491525423728,0.0084745762711864,0.0,0.1610169491525423,0.0932203389830508,0.0423728813559322,0.211864406779661,0.0169491525423728,0.0084745762711864,0.0,0.0
0.1492063492063492,0.0126984126984126,0.0317460317460317,0.0698412698412698,0.0158730158730158,0.1047619047619047,0.0444444444444444,0.0126984126984126,0.0158730158730158,0.1238095238095238,0.0158730158730158,0.0158730158730158,0.0571428571428571,0.0222222222222222,0.1079365079365079,0.0857142857142857,0.0444444444444444,0.0349206349206349,0.0222222222222222,0.0126984126984126
0.1137440758293838,0.0189573459715639,0.0473933649289099,0.0853080568720379,0.0284360189573459,0.0853080568720379,0.0236966824644549,0.0331753554502369,0.0236966824644549,0.1184834123222748,0.0284360189573459,0.0189573459715639,0.0710900473933649,0.0331753554502369,0.0853080568720379,0.0616113744075829,0.0473933649289099,0.0663507109004739,0.0047393364928909,0.0047393364928909
0.0,0.1949152542372881,0.0084745762711864,0.0,0.0,0.1694915254237288,0.059322033898305,0.0,0.0508474576271186,0.0084745762711864,0.0084745762711864,0.0,0.135593220338983,0.0762711864406779,0.0338983050847457,0.2203389830508474,0.0169491525423728,0.0169491525423728,0.0,0.0
0.0422885572139303,0.0597014925373134,0.017412935323383,0.0970149253731343,0.0373134328358208,0.0671641791044776,0.0746268656716417,0.0348258706467661,0.0646766169154228,0.0696517412935323,0.0074626865671641,0.0223880597014925,0.0323383084577114,0.0348258706467661,0.099502487562189,0.1144278606965174,0.0472636815920398,0.0323383084577114,0.0049751243781094,0.0398009950248756
0.0837808807733619,0.0075187969924812,0.0440386680988184,0.0644468313641246,0.0171858216970998,0.0601503759398496,0.0193340494092373,0.0268528464017185,0.0547798066595059,0.1213748657357679,0.0182599355531686,0.0171858216970998,0.1288936627282492,0.0741138560687432,0.0343716433941997,0.1203007518796992,0.0526315789473684,0.0440386680988184,0.0021482277121374,0.0085929108485499
